claim_id,company_id,policy_id,claim_ammount,approved_ammount,status,made_claim,eligiability
1,1,5,2843811,8026549,approved,false,false
2,2,7,6420641,6561142,approved,true,false
3,3,6,8298771,4035091,rejected,false,false
4,4,8,599831,9389043,rejected,true,false
5,5,6,8045981,2625824,approved,false,false
6,6,8,6784376,8892686,rejected,false,true
7,7,5,2529771,953007,approved,true,true
8,8,7,8424867,5033109,rejected,true,false
9,9,2,9347191,4709548,rejected,true,true
10,10,2,3152983,4046705,rejected,true,true
11,11,5,2607341,2045589,rejected,true,true
12,12,8,4006511,5589559,rejected,false,false
13,13,7,2136934,5943034,approved,true,true
14,14,1,4654544,6388921,rejected,false,false
15,15,1,1866060,5095065,approved,false,false
16,16,5,2921510,4739458,rejected,true,true
17,17,4,5692567,9847163,rejected,false,false
18,18,2,1918591,6481308,approved,false,false
19,19,9,2346775,5807574,rejected,false,false
20,20,2,5329815,6563447,rejected,true,false
21,21,7,4378246,2024644,rejected,true,false
22,22,10,5695778,5610860,rejected,true,false
23,23,8,2950105,3237623,rejected,true,false
24,24,9,1773823,529084,approved,true,false
25,25,4,6488596,7911642,rejected,false,false
26,26,2,7975820,5887855,rejected,true,true
27,27,1,185668,3174690,approved,false,true
28,28,5,6476250,8037976,approved,true,false
29,29,2,4671971,9369244,approved,true,true
30,30,8,160512,6068685,approved,true,false
31,31,4,8309671,1991819,rejected,false,false
32,32,3,5273884,3280153,rejected,true,false
33,33,7,6140356,2114182,rejected,true,true
34,34,9,9527090,4218957,rejected,false,false
35,35,8,7161831,8069584,rejected,false,false
36,36,5,4532801,8435239,approved,true,false
37,37,8,749619,6238585,approved,true,true
38,38,9,8135751,6604061,approved,true,false
39,39,6,8397032,5663062,rejected,true,false
40,40,6,9883473,200065,approved,false,true
41,41,8,6222852,7061472,rejected,false,true
42,42,4,1393070,4872835,rejected,false,false
43,43,4,404290,8378427,approved,false,false
44,44,4,7314765,3535138,approved,true,false
45,45,4,5553095,9083984,approved,true,false
46,46,7,7445214,1360512,rejected,false,true
47,47,9,5673363,2632068,rejected,false,false
48,48,6,6212013,988826,rejected,true,false
49,49,2,9587660,6831439,rejected,false,false
50,50,8,3444225,9202905,rejected,true,false
51,51,10,3642238,9712052,approved,false,true
52,52,9,386160,694229,approved,false,false
53,53,2,1228148,5863171,approved,false,false
54,54,6,4284461,6315778,rejected,false,true
55,55,2,2064992,112766,rejected,false,false
56,56,5,1423645,828098,approved,false,true
57,57,3,4826430,9429872,rejected,false,false
58,58,2,1679512,4600948,approved,false,true
59,59,1,8431720,718849,approved,true,true
60,60,9,7212383,1105595,rejected,false,true
61,61,6,665708,9209752,rejected,true,false
62,62,6,8573571,4461797,rejected,true,true
63,63,9,4840864,8135081,approved,false,true
64,64,7,4585348,6588239,rejected,true,false
65,65,10,7677636,7212715,rejected,true,true
66,66,3,9756523,9624062,approved,false,true
67,67,6,248186,8375801,rejected,true,true
68,68,3,8971423,6720845,rejected,true,false
69,69,2,5281511,5614054,rejected,true,false
70,70,6,351156,9044430,approved,true,true
71,71,8,8085659,2208520,rejected,false,true
72,72,4,2929958,798718,rejected,true,true
73,73,8,2332645,7561576,rejected,true,true
74,74,2,8514443,3130293,rejected,true,true
75,75,9,1588013,4275553,rejected,true,true
76,76,6,252062,5872614,approved,false,true
77,77,7,8278534,7317577,rejected,true,true
78,78,9,4021672,8288063,approved,false,true
79,79,6,9535844,4894521,rejected,false,true
80,80,6,8960751,216227,rejected,false,false
81,81,1,6310110,9131940,rejected,true,true
82,82,7,1058786,8876351,approved,false,true
83,83,10,4077153,5402199,rejected,false,true
84,84,2,9949231,4089777,approved,true,true
85,85,8,4051534,2662089,approved,true,true
86,86,8,3998916,9610056,approved,true,false
87,87,8,978175,327723,approved,false,true
88,88,2,4422038,2713208,approved,true,false
89,89,5,2791798,2408164,rejected,false,true
90,90,6,9173722,4305480,rejected,true,false
91,91,5,2466904,3296938,approved,true,true
92,92,8,2820721,9776995,rejected,true,false
93,93,3,6172104,293388,approved,false,false
94,94,6,6854834,4203879,rejected,false,false
95,95,4,7641441,6072409,rejected,false,false
96,96,3,4616686,1234800,approved,true,true
97,97,1,9439875,6204684,rejected,true,false
98,98,3,7995594,3352616,rejected,false,true
99,99,9,3659632,6342368,approved,true,true
100,100,1,2184545,1513016,approved,false,false
101,101,4,7232149,4224438,approved,false,true
102,102,1,862283,7666507,approved,false,true
103,103,8,6961156,8996412,approved,false,false
104,104,1,3334774,9040446,approved,true,false
105,105,1,2675025,2351901,approved,false,true
106,106,2,7956083,2517941,rejected,false,true
107,107,3,7085703,8055126,approved,true,true
108,108,10,3056377,1006701,rejected,true,true
109,109,3,5526897,7566168,approved,true,false
110,110,10,3282266,797301,approved,true,true
111,111,6,3918318,9100441,rejected,true,true
112,112,7,6713662,3959353,rejected,true,true
113,113,7,3533847,9300057,rejected,true,true
114,114,7,5943529,7663494,rejected,false,true
115,115,9,957752,400549,approved,false,false
116,116,5,3134700,4750787,approved,false,true
117,117,1,5563040,7757526,rejected,false,true
118,118,5,7479382,172836,approved,true,true
119,119,6,8156393,703702,rejected,true,true
120,120,5,7160187,9061719,approved,true,false
121,121,4,1988216,5854005,approved,true,true
122,122,3,7596176,7578306,rejected,false,true
123,123,6,4914518,8485727,approved,false,true
124,124,3,4748342,9890997,approved,false,false
125,125,2,1907781,9995607,approved,true,true
126,126,2,8561586,9948908,approved,false,false
127,127,5,7752243,2712778,rejected,true,false
128,128,1,2628904,2196043,rejected,true,false
129,129,2,4282156,629806,rejected,false,true
130,130,10,8730849,3836044,rejected,true,false
131,131,4,290991,3193252,rejected,false,false
132,132,5,4280433,2099794,approved,false,true
133,133,6,1280204,8966696,approved,false,false
134,134,4,4913863,6715826,rejected,false,false
135,135,1,2613758,2416841,approved,true,true
136,136,10,2453546,9090196,rejected,false,true
137,137,2,8897585,7407707,approved,false,false
138,138,10,5617040,6412053,approved,true,false
139,139,5,4000662,8778998,approved,true,false
140,140,4,1348530,9399567,rejected,true,false
141,141,2,2007639,3040445,rejected,true,false
142,142,3,9014748,6901382,approved,false,true
143,143,2,1661406,1858771,approved,true,false
144,144,5,3573472,2540289,approved,true,false
145,145,5,1141384,9794138,rejected,false,true
146,146,2,1852371,1905821,approved,true,false
147,147,6,8508606,7263779,approved,true,true
148,148,7,3582182,2707193,approved,true,true
149,149,2,2284456,165349,rejected,true,true
150,150,9,7805123,1789565,rejected,true,false
151,151,4,6615457,7881688,rejected,false,true
152,152,6,6630526,3279751,rejected,true,false
153,153,5,7168532,6221432,rejected,false,false
154,154,8,271658,9015154,rejected,true,false
155,155,8,6760766,6049597,approved,false,false
156,156,10,8118298,9024262,approved,false,false
157,157,4,869603,4313235,rejected,true,true
158,158,2,6697949,3070139,approved,true,false
159,159,4,686419,1920004,rejected,false,false
160,160,5,2280610,6230511,rejected,true,false
161,161,4,5662331,9045721,rejected,false,false
162,162,2,7040174,9993619,rejected,true,false
163,163,2,7888647,9381257,rejected,false,false
164,164,2,9862377,2789908,rejected,false,true
165,165,7,815853,9301813,approved,false,false
166,166,9,5494918,7404575,approved,true,true
167,167,10,1598057,6446907,approved,true,false
168,168,10,1837373,6225638,approved,true,false
169,169,8,1159085,2501197,approved,false,false
170,170,2,853994,8242073,approved,false,true
171,171,9,8926790,464469,rejected,true,true
172,172,3,9224225,9449859,approved,true,true
173,173,8,7201818,1572406,approved,true,false
174,174,9,5913942,1063123,approved,true,false
175,175,5,2457686,169528,approved,false,false
176,176,6,8225238,3489151,rejected,true,false
177,177,4,3341141,9608450,approved,true,true
178,178,10,6271760,285103,rejected,false,false
179,179,5,5672045,9002624,rejected,false,false
180,180,6,2238498,1358822,approved,false,false
181,181,2,5706798,2448900,rejected,true,true
182,182,3,5359175,6418883,approved,false,true
183,183,4,3177205,3303966,approved,true,false
184,184,10,7068673,7116072,approved,false,true
185,185,6,8039026,6201629,approved,false,false
186,186,9,4050059,263869,rejected,true,true
187,187,10,3983899,8196852,approved,false,false
188,188,8,2218026,7166776,rejected,true,false
189,189,5,5945339,390934,rejected,false,false
190,190,10,3700698,5328556,rejected,true,true
191,191,7,233479,213531,approved,true,false
192,192,10,159811,2353020,approved,true,false
193,193,5,6123992,4978323,approved,false,false
194,194,2,4070746,534676,rejected,false,false
195,195,1,4994277,9997416,rejected,true,false
196,196,1,3797549,3778434,approved,false,false
197,197,7,348352,673100,approved,false,true
198,198,2,8311303,7283944,rejected,false,false
199,199,7,6502678,758425,approved,true,true
200,200,2,4201151,5086952,rejected,false,false
201,201,8,3641554,1701351,rejected,true,false
202,202,2,8269794,5493839,rejected,false,false
203,203,8,6304900,6793652,rejected,false,true
204,204,9,8537805,4193016,approved,true,false
205,205,10,6241343,9445843,approved,true,false
206,206,2,7120658,2557223,approved,true,true
207,207,9,4047395,6408513,rejected,true,true
208,208,5,4550968,402397,approved,false,false
209,209,7,1692563,1498636,approved,false,false
210,210,7,7280078,5039945,rejected,true,true
211,211,9,646774,353526,approved,true,false
212,212,3,6081032,747401,approved,true,true
213,213,10,2443369,2686116,rejected,false,true
214,214,6,9761592,8501858,approved,false,false
215,215,3,9698059,8706138,approved,true,true
216,216,8,2255531,7613611,approved,false,true
217,217,2,3130859,2873252,approved,true,true
218,218,4,3824204,545546,approved,false,true
219,219,10,3682616,7857385,approved,true,false
220,220,4,361884,8618843,rejected,false,false
221,221,3,5708551,3402827,approved,true,true
222,222,8,6982594,2957981,approved,false,true
223,223,8,6773625,8121175,rejected,true,true
224,224,2,6723563,7007059,approved,false,true
225,225,1,8113857,2030097,approved,false,true
226,226,10,4951841,7759443,rejected,false,true
227,227,2,542890,2973035,approved,false,true
228,228,4,1642005,6024995,approved,false,false
229,229,6,9128581,7068447,rejected,true,false
230,230,8,6124165,9959862,approved,true,false
231,231,3,521899,2687141,approved,true,true
232,232,1,2329925,3648774,approved,false,true
233,233,3,9091064,1318629,approved,true,true
234,234,4,5844192,5823014,rejected,true,false
235,235,1,7865174,8463806,approved,false,false
236,236,1,3417020,297327,approved,true,true
237,237,5,5110128,6540481,approved,true,false
238,238,3,6966744,3675610,approved,true,true
239,239,7,6400941,2526599,rejected,true,false
240,240,4,4700874,672231,approved,false,false
241,241,3,2950563,1707451,approved,false,false
242,242,6,1812785,6422468,rejected,true,true
243,243,10,9827397,5659662,rejected,true,false
244,244,5,8920923,3142347,approved,true,true
245,245,5,3394150,7700661,rejected,false,true
246,246,1,4394830,2613458,rejected,false,true
247,247,2,7515435,7732849,approved,false,false
248,248,3,7120999,4880187,approved,true,true
249,249,10,6974065,6902071,approved,true,false
250,250,2,6186678,7245285,rejected,false,false
251,251,8,9539500,466892,approved,false,false
252,252,1,5230531,1602013,rejected,true,false
253,253,3,644143,271046,rejected,true,true
254,254,8,8622391,7681198,approved,false,false
255,255,9,1046726,4565939,approved,true,false
256,256,2,1746304,6410450,approved,true,false
257,257,8,8516235,4266144,approved,true,false
258,258,4,7731722,7391073,rejected,false,true
259,259,7,3049918,6967823,approved,false,true
260,260,1,3925059,9230916,rejected,true,true
261,261,6,3461012,6578962,rejected,true,true
262,262,4,3058471,7892261,rejected,true,true
263,263,8,1486701,5572122,rejected,true,true
264,264,7,2387551,2696039,rejected,false,true
265,265,1,2502326,9639024,rejected,false,true
266,266,3,5027842,957417,rejected,true,true
267,267,10,4356008,3170756,approved,true,false
268,268,2,5853195,6667138,rejected,true,true
269,269,9,8099454,8881146,approved,false,false
270,270,4,9261438,7815002,rejected,true,false
271,271,6,1351944,1504502,rejected,true,false
272,272,6,2065083,3005193,rejected,false,true
273,273,1,7390333,6836868,rejected,false,true
274,274,7,7708724,8183224,rejected,true,false
275,275,1,4035874,2886006,rejected,true,true
276,276,10,8113359,9732819,approved,false,true
277,277,3,9681531,4618401,rejected,true,false
278,278,1,6696273,1591944,approved,true,true
279,279,3,9022061,6425106,rejected,true,false
280,280,3,793371,8925474,approved,false,false
281,281,9,3026223,6929089,approved,false,true
282,282,10,4677799,3701633,approved,true,true
283,283,9,629603,1495756,rejected,false,false
284,284,9,8387495,4243900,approved,true,false
285,285,9,9305908,6437328,rejected,true,false
286,286,3,6626335,5073717,approved,true,false
287,287,1,5481654,4404721,approved,false,false
288,288,3,1414411,1659353,approved,true,false
289,289,10,3840680,1057020,rejected,false,true
290,290,4,2631484,4182960,approved,false,false
291,291,7,7785496,8708455,approved,true,false
292,292,9,511071,1496837,approved,true,false
293,293,9,1257468,6382044,rejected,false,false
294,294,2,4026080,3066420,approved,false,false
295,295,3,6114279,1390456,rejected,true,true
296,296,1,6437205,4644153,rejected,true,true
297,297,9,9113698,9935659,approved,true,true
298,298,5,610432,9485363,approved,true,false
299,299,1,1371362,2994638,approved,true,true
300,300,1,8616884,6913631,rejected,true,true
301,301,10,637418,9185904,approved,true,false
302,302,8,2329479,7708031,rejected,true,true
303,303,6,6605280,387615,rejected,true,true
304,304,5,3103576,6792069,approved,true,false
305,305,2,6297454,1921013,approved,false,true
306,306,9,9259705,7130991,rejected,true,false
307,307,5,9709153,7524960,rejected,true,false
308,308,3,8845324,527447,rejected,true,false
309,309,4,6969526,2913983,approved,true,true
310,310,1,3837193,3964961,rejected,false,false
311,311,5,476092,108361,approved,false,false
312,312,7,9794233,2215660,rejected,true,true
313,313,6,8164440,1842024,rejected,false,false
314,314,1,8830684,4254902,approved,true,false
315,315,7,5536633,8114841,approved,false,true
316,316,8,4223000,3058180,rejected,false,true
317,317,7,4213763,1540047,approved,true,false
318,318,7,8728949,6695834,rejected,true,false
319,319,9,6439578,4582905,approved,false,true
320,320,1,2884979,8769182,rejected,true,true
321,321,1,4651189,8511499,approved,true,true
322,322,2,6344272,3049356,approved,false,false
323,323,6,1061327,6208855,approved,true,false
324,324,4,5144126,6846580,rejected,true,false
325,325,7,491256,5215036,approved,true,false
326,326,3,1344971,2000572,rejected,true,false
327,327,5,3859923,944552,rejected,false,true
328,328,4,4277788,3973186,approved,false,false
329,329,2,6301731,2965347,rejected,true,true
330,330,4,1546177,1267725,rejected,false,true
331,331,3,6196919,1255620,rejected,false,true
332,332,4,4069323,3308831,approved,false,true
333,333,1,878200,8384474,rejected,true,true
334,334,2,9723974,1956784,rejected,false,true
335,335,7,4549074,3414612,approved,true,true
336,336,8,9124373,2174571,approved,true,true
337,337,3,236984,8159425,rejected,true,false
338,338,6,4900169,5884321,rejected,true,true
339,339,8,9591752,449521,rejected,false,false
340,340,4,8532068,3104261,rejected,false,false
341,341,2,3753779,7875042,rejected,false,false
342,342,9,4036521,9225341,rejected,false,true
343,343,4,2662273,5728887,approved,false,false
344,344,1,4955757,3966538,approved,false,false
345,345,2,2384178,3577474,rejected,false,false
346,346,1,3473449,1969102,approved,false,false
347,347,2,7858676,6056707,approved,true,true
348,348,4,3525379,4435774,approved,true,true
349,349,6,9820635,8982927,approved,false,false
350,350,5,2034555,3745836,rejected,true,false
351,351,2,5040972,1014078,rejected,true,true
352,352,5,5506600,3989539,rejected,true,false
353,353,4,6833187,3534567,rejected,false,true
354,354,9,1598590,6299903,approved,false,true
355,355,9,8924093,8636116,rejected,true,true
356,356,1,6551301,5788367,rejected,false,true
357,357,9,3360154,1750369,approved,false,true
358,358,3,510163,9483842,rejected,false,false
359,359,6,4303309,8871913,approved,false,false
360,360,2,8470914,9699314,rejected,false,true
361,361,8,9105161,8212391,rejected,false,true
362,362,1,6114289,1965295,approved,false,false
363,363,7,7782821,7494076,rejected,true,false
364,364,9,7550913,8999723,approved,true,false
365,365,8,4128846,6339558,rejected,true,true
366,366,1,2846029,7984439,rejected,true,true
367,367,3,3805546,1728348,approved,true,true
368,368,5,5778897,4329761,approved,true,true
369,369,4,5267185,4131536,approved,false,false
370,370,7,9464690,1432278,rejected,true,true
371,371,5,8262564,9984596,approved,true,true
372,372,6,1520417,7227446,approved,false,false
373,373,6,2269491,1414064,rejected,false,false
374,374,8,1117424,9052938,approved,true,false
375,375,4,6157573,3012936,approved,true,false
376,376,5,9088030,5847112,rejected,true,true
377,377,2,9757448,2432505,rejected,false,true
378,378,2,1151324,9838163,approved,true,true
379,379,1,7545921,6678127,approved,false,false
380,380,7,2606687,5251379,rejected,true,false
381,381,7,9263944,217418,approved,true,false
382,382,6,4153024,2434837,approved,true,false
383,383,10,1468274,1833019,approved,false,false
384,384,10,4251653,7536498,approved,false,false
385,385,1,5151099,2969370,rejected,false,false
386,386,7,6764985,662803,rejected,true,false
387,387,7,7202385,114199,rejected,false,true
388,388,10,9307516,3563275,rejected,false,true
389,389,9,6018422,3266009,approved,false,true
390,390,6,4317749,6599655,approved,true,false
391,391,2,9374704,8411858,rejected,false,false
392,392,1,4495631,3768084,rejected,false,true
393,393,5,7578523,3870275,rejected,false,false
394,394,6,9008698,3931077,rejected,false,true
395,395,4,5384456,2885519,rejected,true,false
396,396,3,6871226,2861914,rejected,false,true
397,397,10,3504004,3576004,rejected,true,false
398,398,5,9451916,781992,rejected,false,true
399,399,6,5783613,5702058,approved,true,false
400,400,1,3093453,5253967,approved,false,false
401,401,9,9191826,9449867,rejected,false,false
402,402,2,8981679,4949856,approved,false,false
403,403,2,4906173,5226337,approved,true,false
404,404,6,3973797,8266216,approved,false,true
405,405,1,9134221,8355717,rejected,false,false
406,406,1,3434842,1248222,rejected,false,false
407,407,5,4599468,3221919,approved,false,false
408,408,3,1499136,1878542,rejected,false,false
409,409,10,2938139,8717011,approved,false,true
410,410,8,5486014,2720409,approved,false,true
411,411,3,3047165,6454320,rejected,true,false
412,412,2,973269,4715759,approved,false,false
413,413,6,9722746,5546104,rejected,false,false
414,414,3,9588844,2768470,approved,false,false
415,415,7,9380612,619357,approved,false,false
416,416,10,5597760,1105061,rejected,true,false
417,417,10,4748466,2136439,rejected,true,false
418,418,2,8933937,9488190,approved,true,true
419,419,5,4232825,8660399,approved,false,false
420,420,9,6763372,761418,approved,false,true
421,421,5,5960238,1788180,approved,false,false
422,422,2,8456047,5384703,approved,false,false
423,423,5,1720474,3654792,rejected,true,true
424,424,2,1871600,1536806,approved,true,true
425,425,2,214996,1559360,rejected,false,true
426,426,1,5740839,4904537,approved,true,false
427,427,3,7416157,7507784,rejected,true,true
428,428,5,6288921,3707122,approved,false,true
429,429,4,2388230,3560442,rejected,false,true
430,430,9,2227097,9048826,approved,true,true
431,431,8,8269579,7614773,approved,false,false
432,432,7,8927574,6750116,approved,false,false
433,433,4,2624981,2537801,rejected,false,true
434,434,1,1803317,3146339,approved,true,false
435,435,10,1146254,4954194,approved,true,false
436,436,4,9092223,292473,rejected,true,true
437,437,10,3718558,6549568,approved,false,true
438,438,10,7162087,307881,rejected,true,true
439,439,4,476114,2343382,approved,false,true
440,440,2,4891315,6577847,approved,true,true
441,441,3,3747008,4854497,approved,false,false
442,442,5,169155,856252,rejected,true,false
443,443,10,4885679,427897,rejected,true,false
444,444,5,2605125,2168246,approved,true,false
445,445,4,1989054,536468,rejected,true,false
446,446,1,4547439,5545850,rejected,false,false
447,447,7,4252677,5165910,rejected,true,false
448,448,8,6268409,2526952,rejected,true,true
449,449,1,5032420,6256164,rejected,false,false
450,450,3,9108838,225127,approved,false,true
451,451,4,644611,4780738,rejected,true,true
452,452,6,674121,1410016,approved,false,false
453,453,4,2466417,3682026,rejected,false,false
454,454,6,6602315,3286191,approved,false,true
455,455,1,6483499,7209422,approved,true,true
456,456,2,8990575,270984,rejected,true,true
457,457,8,6935571,5244571,rejected,false,true
458,458,2,8921734,6552915,rejected,false,false
459,459,7,9474389,9221759,approved,true,false
460,460,5,7102326,7844165,approved,false,true
461,461,7,6402676,1156618,rejected,true,true
462,462,8,7764745,398484,rejected,false,true
463,463,10,5761013,401537,rejected,true,false
464,464,7,8348103,8808997,rejected,false,false
465,465,6,7126236,7019123,rejected,false,false
466,466,3,3044968,4835285,rejected,false,true
467,467,1,4067675,6285012,approved,false,false
468,468,4,9681293,9041235,rejected,true,false
469,469,6,1591575,103926,rejected,false,true
470,470,3,4187592,9476463,rejected,false,true
471,471,6,6832297,4475446,approved,false,true
472,472,3,5646693,928622,rejected,false,false
473,473,7,3731377,4975412,rejected,false,false
474,474,2,7940065,6844244,approved,false,false
475,475,2,1468155,2271246,rejected,false,true
476,476,5,8769092,2145224,approved,true,true
477,477,6,1298998,4083375,approved,false,true
478,478,10,3911519,6349730,approved,false,false
479,479,7,9968545,8829677,approved,true,false
480,480,6,9072750,4581478,approved,true,false
481,481,7,2082433,9761609,rejected,true,true
482,482,10,4271834,2291535,approved,false,false
483,483,1,7319223,9361614,approved,false,false
484,484,4,391643,4950362,approved,false,true
485,485,7,9811865,9796627,rejected,false,true
486,486,2,9989366,3230225,rejected,false,true
487,487,9,7992613,3021408,approved,true,true
488,488,4,6580396,2250769,rejected,true,true
489,489,1,7859509,6981858,approved,false,false
490,490,8,9230544,1186386,approved,true,false
491,491,7,9763257,8771448,approved,false,false
492,492,3,3585898,6254536,approved,true,true
493,493,3,8273223,9691885,rejected,true,false
494,494,3,8322956,6353032,approved,true,true
495,495,4,2585775,3893573,rejected,false,false
496,496,10,2016497,1949715,approved,true,true
497,497,8,5656129,1821894,rejected,false,false
498,498,10,6385786,6272498,approved,false,false
499,499,8,5165868,3935060,rejected,true,true
500,500,10,3117226,640041,rejected,false,true
501,501,9,7089764,5017228,rejected,false,false
502,502,8,7865517,1754140,rejected,true,false
503,503,6,3943555,4747722,approved,false,false
504,504,1,5658953,4885699,rejected,false,false
505,505,9,4285936,2516198,rejected,true,true
506,506,6,7562244,1780668,approved,false,false
507,507,5,9049832,3912709,approved,false,true
508,508,4,4911104,9213875,approved,false,false
509,509,3,4770466,1080228,rejected,false,false
510,510,5,7663729,4657169,rejected,false,true
511,511,1,6999164,7299481,rejected,false,false
512,512,2,6748731,4935444,approved,true,true
513,513,7,1379929,1611097,rejected,false,true
514,514,3,5917945,8595536,rejected,false,true
515,515,5,8391697,9758437,rejected,true,false
516,516,3,7780172,3561353,rejected,false,false
517,517,2,3420292,7297945,approved,false,true
518,518,10,6965050,1426622,approved,true,false
519,519,4,1871227,1178311,rejected,true,false
520,520,8,9583763,5945954,approved,true,true
521,521,7,336728,6238950,approved,false,false
522,522,9,9271454,2917853,rejected,false,true
523,523,4,5539683,3880020,approved,false,false
524,524,3,3969027,6014362,approved,false,true
525,525,4,3917431,2335319,rejected,false,false
526,526,8,5349544,6407298,approved,false,false
527,527,1,2435197,2312629,rejected,true,false
528,528,8,9881295,4401471,rejected,false,false
529,529,9,6183558,5528073,rejected,true,true
530,530,7,2714753,6930422,rejected,true,false
531,531,6,5387937,4709999,rejected,true,true
532,532,4,8088652,2777054,rejected,false,true
533,533,3,7155260,8984853,rejected,true,true
534,534,10,812438,7029896,rejected,true,false
535,535,5,6259130,9442440,approved,true,true
536,536,7,1735297,6540956,rejected,true,false
537,537,6,1945319,4533001,approved,false,true
538,538,5,1149713,5053704,approved,true,true
539,539,4,7483325,4288966,rejected,true,false
540,540,10,8228821,5316340,approved,false,true
541,541,9,4653746,452159,approved,true,true
542,542,8,1143075,2516209,rejected,true,true
543,543,8,9626322,3650119,rejected,false,false
544,544,7,2448461,4744909,rejected,false,false
545,545,6,2721250,7655743,approved,true,false
546,546,4,4967271,3220416,rejected,true,true
547,547,6,8443044,3595080,approved,false,false
548,548,9,7960259,9204770,rejected,false,false
549,549,2,4415206,6691396,approved,true,false
550,550,8,509492,5790875,approved,true,true
551,551,10,2076328,9552183,rejected,true,false
552,552,1,5253368,6681170,rejected,false,true
553,553,9,9483704,7359122,rejected,false,false
554,554,4,714832,1513052,rejected,false,true
555,555,6,2301361,225167,rejected,true,false
556,556,3,6707549,1495408,rejected,true,true
557,557,3,4915673,4090657,approved,false,false
558,558,1,6077995,8029569,rejected,false,false
559,559,1,2817960,5425979,rejected,false,true
560,560,5,5273380,5013421,rejected,false,true
561,561,5,3100439,1887496,approved,false,true
562,562,2,5832736,8570416,rejected,false,true
563,563,5,9123037,8127606,approved,true,true
564,564,4,4509112,2440463,approved,true,false
565,565,10,5393074,7071276,approved,false,false
566,566,1,7278690,1481174,rejected,false,false
567,567,7,4050833,2150997,approved,false,true
568,568,1,952275,3514487,approved,false,true
569,569,2,9899647,9322245,rejected,true,true
570,570,5,5204878,8845271,rejected,false,false
571,571,5,2007027,7914211,approved,true,false
572,572,5,8454594,3252107,rejected,true,true
573,573,2,5707932,6798711,rejected,false,false
574,574,7,8506076,1921057,rejected,false,true
575,575,3,1221909,3974462,rejected,false,false
576,576,2,5298469,6034541,rejected,true,true
577,577,2,4727965,221490,rejected,true,false
578,578,8,9518247,780260,approved,false,false
579,579,8,5616054,1362894,rejected,false,false
580,580,8,8589986,4035198,approved,false,true
581,581,3,2060314,8608386,approved,false,false
582,582,7,4628160,5403324,approved,true,false
583,583,1,8889353,2282100,rejected,true,false
584,584,7,9139716,4395081,approved,true,true
585,585,6,7649466,9876192,rejected,true,false
586,586,5,2589760,2155297,approved,false,false
587,587,10,8210401,3937318,rejected,false,true
588,588,1,8394603,6921705,approved,false,false
589,589,10,8856430,1504170,rejected,true,false
590,590,6,5250853,6691002,approved,false,true
591,591,1,1752050,463726,rejected,false,false
592,592,1,9807425,9690297,approved,true,true
593,593,8,1430425,4817640,approved,false,false
594,594,2,7465678,4608859,approved,true,false
595,595,7,1707078,9545832,rejected,false,true
596,596,6,879537,2371219,approved,false,true
597,597,9,570061,4186764,approved,false,true
598,598,2,5965629,8176056,approved,true,false
599,599,2,3682367,5119369,approved,true,true
600,600,2,8703043,735109,rejected,true,false
601,601,1,2032382,5918251,approved,true,true
602,602,6,5493850,954945,rejected,true,true
603,603,2,7916880,5770771,rejected,true,true
604,604,10,4043492,3336349,approved,true,true
605,605,1,4891575,2044089,approved,true,true
606,606,9,4157723,9349876,rejected,true,true
607,607,7,3978626,2563692,approved,true,false
608,608,4,5799873,9326112,rejected,true,true
609,609,2,8059077,804556,rejected,true,true
610,610,6,6678542,6130434,rejected,false,true
611,611,6,6927206,4299532,rejected,false,true
612,612,8,3907739,6182219,approved,true,false
613,613,2,3885144,6670744,approved,false,true
614,614,3,5054588,8393133,approved,false,false
615,615,2,5381455,7001382,rejected,true,false
616,616,5,8980856,6179865,rejected,false,false
617,617,2,791019,6740222,approved,true,true
618,618,2,3880461,1013303,approved,false,true
619,619,6,2573039,1625653,rejected,false,true
620,620,9,9502587,2518706,approved,true,false
621,621,5,9724202,2561688,approved,true,false
622,622,3,2260891,6681116,approved,false,true
623,623,9,3857490,5270417,rejected,true,true
624,624,1,1459027,110552,rejected,false,true
625,625,7,1383099,6778175,approved,true,false
626,626,8,4566767,2354640,approved,true,true
627,627,3,6269574,8803445,rejected,false,true
628,628,7,4117263,4736161,approved,true,false
629,629,6,5163154,5212215,approved,true,true
630,630,1,4485436,3967370,rejected,false,true
631,631,7,5595935,8438392,approved,false,true
632,632,2,4256535,7866612,approved,false,true
633,633,2,5645636,8621380,approved,false,false
634,634,1,2152847,3234612,rejected,false,true
635,635,9,4684748,7169340,rejected,false,false
636,636,2,2630494,2162038,approved,false,false
637,637,1,3832839,4893793,rejected,false,true
638,638,9,404560,7691199,approved,true,false
639,639,6,9497918,9646185,approved,false,true
640,640,3,2540061,2746916,approved,true,false
641,641,6,5638563,2975676,rejected,true,true
642,642,5,4193364,1235286,approved,true,false
643,643,5,1051209,7113085,approved,false,true
644,644,6,6057304,5971457,rejected,true,true
645,645,7,6356335,1597178,approved,false,true
646,646,6,6353137,1245413,approved,true,false
647,647,7,9163888,7245939,approved,true,true
648,648,9,2066290,4065965,approved,true,false
649,649,7,9626984,3615854,rejected,true,false
650,650,2,534576,660922,rejected,true,false
651,651,5,6616904,7708976,approved,false,true
652,652,4,2470159,5828403,approved,true,false
653,653,1,6464957,9430071,rejected,true,false
654,654,6,3721441,5348992,approved,true,false
655,655,2,3686726,2040170,rejected,false,true
656,656,1,6667547,549012,rejected,false,false
657,657,10,7218952,4448781,approved,true,false
658,658,10,7809891,7020648,rejected,true,true
659,659,8,1547912,7670881,approved,true,false
660,660,5,3967057,9680740,rejected,true,false
661,661,3,6597170,1448808,approved,true,true
662,662,8,9632291,5142281,approved,false,true
663,663,8,4732525,3451677,approved,true,false
664,664,7,2969839,3691291,approved,false,false
665,665,3,8848191,3583335,rejected,true,false
666,666,9,2184790,4882200,rejected,true,true
667,667,4,3976920,2199300,approved,false,false
668,668,2,1689456,4671682,rejected,true,false
669,669,10,5652480,3738736,rejected,true,false
670,670,3,9891636,7961417,rejected,true,false
671,671,8,1050053,3376312,approved,true,true
672,672,1,6441893,2422104,approved,false,false
673,673,3,599890,9982669,approved,false,true
674,674,5,9132995,734540,rejected,false,false
675,675,6,3468022,1255851,rejected,true,false
676,676,8,1435091,8435894,approved,true,true
677,677,10,8577819,5503276,rejected,false,false
678,678,8,476835,9190287,approved,true,true
679,679,1,8109071,9692751,rejected,false,true
680,680,5,6400104,196959,rejected,true,false
681,681,3,485612,3665822,rejected,true,true
682,682,10,8834087,5919652,rejected,true,true
683,683,6,911737,2530853,rejected,true,true
684,684,4,3700400,4973014,approved,true,true
685,685,5,1373870,4215903,approved,false,true
686,686,6,7382685,3604050,approved,false,true
687,687,8,9218531,9411449,approved,false,true
688,688,10,5567497,3833118,rejected,false,true
689,689,2,974375,4917607,rejected,true,false
690,690,10,5472016,7346144,rejected,true,false
691,691,7,4651876,2318519,approved,true,true
692,692,10,5270909,5215446,approved,true,true
693,693,8,1402858,1298461,approved,false,true
694,694,4,2592789,5309994,rejected,true,true
695,695,6,480177,9687601,rejected,false,false
696,696,3,2951210,5510492,rejected,false,false
697,697,9,8069476,2373005,approved,true,true
698,698,7,6050483,8311863,rejected,true,true
699,699,8,9109814,859062,approved,false,false
700,700,6,1131974,9625185,approved,true,true
701,701,2,6993603,4458573,approved,false,true
702,702,3,545166,1185033,rejected,false,false
703,703,2,9354770,1902183,rejected,false,false
704,704,8,8143697,4020465,rejected,false,false
705,705,8,9468290,896712,rejected,true,false
706,706,5,7448453,4050915,approved,true,true
707,707,7,8747521,5721919,rejected,true,true
708,708,7,3480754,5223387,rejected,true,false
709,709,4,524263,7038455,approved,false,false
710,710,4,5805930,3393560,rejected,false,false
711,711,2,1901576,7166030,rejected,false,true
712,712,5,3765527,5467753,rejected,true,true
713,713,10,5155617,4126584,approved,false,false
714,714,7,444463,7923590,approved,false,true
715,715,7,4786756,6602524,approved,false,true
716,716,5,2064735,487254,rejected,false,true
717,717,4,7812485,6262367,rejected,false,false
718,718,6,1027651,4335828,approved,false,false
719,719,1,8197694,7099353,rejected,false,true
720,720,7,9958145,8391301,approved,false,true
721,721,8,1911985,1720152,rejected,false,false
722,722,2,7784875,8102240,approved,false,true
723,723,7,6385204,6678905,rejected,true,false
724,724,4,5516205,6931335,rejected,true,false
725,725,8,2344041,3112658,rejected,true,false
726,726,6,6758002,7097644,approved,true,true
727,727,5,2910644,4514008,rejected,true,true
728,728,9,3438691,6411488,rejected,true,false
729,729,1,2530545,3180325,rejected,true,true
730,730,9,4743635,9106668,approved,false,true
731,731,6,3552051,1623752,approved,true,true
732,732,6,7960012,7419208,approved,true,false
733,733,2,9866075,3769585,rejected,true,false
734,734,1,9996038,2245792,approved,true,true
735,735,3,2037136,5826983,rejected,true,false
736,736,4,2417295,2171436,approved,false,true
737,737,9,6100573,3707481,rejected,false,true
738,738,7,9485927,7766710,approved,true,true
739,739,4,4127668,3206046,approved,true,true
740,740,8,6797944,9110342,rejected,true,true
741,741,2,8782554,8211196,rejected,true,false
742,742,3,6730082,3787304,rejected,true,false
743,743,4,2077899,8670095,rejected,true,true
744,744,9,5607192,873291,approved,false,false
745,745,3,9994371,4965535,approved,false,true
746,746,9,4202750,2884919,approved,false,true
747,747,1,4104836,4297817,approved,false,false
748,748,10,9923531,9287636,approved,true,true
749,749,1,8926380,327643,approved,false,true
750,750,10,575664,5751208,approved,true,false
751,751,7,7711723,5844706,approved,true,false
752,752,4,334509,8967978,approved,false,true
753,753,5,2367554,6580845,approved,true,true
754,754,2,2760450,1195841,approved,false,false
755,755,6,950571,3225476,rejected,false,false
756,756,3,8154547,860388,approved,true,false
757,757,2,1023245,6485886,rejected,false,false
758,758,8,5432463,7326791,approved,true,false
759,759,7,9224122,6833362,rejected,true,true
760,760,6,1889249,158007,approved,true,true
761,761,8,5901666,5352355,approved,false,true
762,762,7,2210114,7155085,rejected,false,false
763,763,9,9160436,4874960,approved,false,true
764,764,10,3838091,8827664,rejected,true,true
765,765,8,9516267,1960547,rejected,true,false
766,766,1,7306834,6646947,rejected,false,true
767,767,9,6894724,2440380,rejected,true,true
768,768,10,4908874,3225882,approved,false,false
769,769,9,1984972,407585,approved,true,false
770,770,7,4899645,9639137,rejected,true,false
771,771,5,6498190,1265159,approved,false,true
772,772,10,8434230,1997988,approved,false,false
773,773,3,7534654,1204853,rejected,true,true
774,774,1,1543152,6504919,approved,true,false
775,775,2,7268425,946645,rejected,false,false
776,776,6,468865,2952002,approved,false,false
777,777,10,8570543,2269244,approved,true,false
778,778,8,3343950,3124404,approved,true,false
779,779,2,6102357,3118595,approved,true,false
780,780,6,1833663,5897373,rejected,false,false
781,781,1,7180523,2803521,approved,true,false
782,782,5,4463892,7556511,rejected,false,false
783,783,8,8293814,291802,approved,true,false
784,784,4,4700622,8251540,approved,true,false
785,785,7,7721647,3585062,rejected,true,false
786,786,6,6588364,6056699,rejected,false,true
787,787,2,3440730,6230518,approved,true,true
788,788,9,829970,9082214,approved,true,true
789,789,8,6046588,3003906,rejected,false,true
790,790,10,9452832,7249164,approved,true,false
791,791,1,1636643,6435180,rejected,false,false
792,792,2,9288933,3896778,rejected,false,false
793,793,10,2936063,8455129,approved,false,true
794,794,1,214534,1548382,rejected,false,false
795,795,8,5185692,7220310,rejected,false,false
796,796,5,7647014,5995398,approved,false,true
797,797,8,9295214,139532,rejected,true,true
798,798,4,417417,6334355,rejected,true,true
799,799,2,5467488,199004,approved,false,false
800,800,8,3132581,6038796,rejected,true,true
801,801,10,9818764,4965278,rejected,false,false
802,802,2,4778219,831458,approved,true,true
803,803,3,8659679,4558578,approved,true,false
804,804,5,3136221,2099735,rejected,false,false
805,805,2,8641676,9895933,approved,true,false
806,806,10,182012,9972002,approved,true,false
807,807,9,2995175,1965041,approved,true,true
808,808,10,5202120,3497035,rejected,false,true
809,809,6,3277492,6760330,rejected,true,false
810,810,1,409144,4247726,rejected,false,false
811,811,10,7738065,9177722,rejected,false,false
812,812,3,101608,3141913,rejected,false,false
813,813,7,5950328,3140676,rejected,false,true
814,814,10,9864692,5082981,rejected,false,false
815,815,10,3924555,6758323,approved,false,true
816,816,7,5154535,1972134,approved,false,false
817,817,6,2142773,8596079,rejected,false,false
818,818,6,9828990,2622626,rejected,true,false
819,819,9,4926571,7375366,rejected,true,true
820,820,1,3451696,7599634,approved,false,false
821,821,7,860183,8027248,rejected,true,true
822,822,9,241245,5883971,rejected,false,false
823,823,9,7778650,4210521,approved,false,false
824,824,2,6452190,3339308,approved,false,true
825,825,3,5773122,6884408,approved,true,true
826,826,7,7032936,7770220,rejected,true,true
827,827,1,9034634,7299990,approved,true,true
828,828,2,7358226,5675471,rejected,true,false
829,829,5,9044534,3973551,rejected,true,false
830,830,6,707774,9079867,rejected,true,false
831,831,7,2744162,6128693,approved,false,true
832,832,9,993334,310710,rejected,false,true
833,833,7,1339142,8490941,approved,false,true
834,834,4,2971305,3367319,approved,false,false
835,835,2,2782756,2404100,rejected,true,true
836,836,9,2566364,6599004,rejected,false,false
837,837,10,8449286,262250,approved,false,false
838,838,3,3748270,3021829,approved,true,true
839,839,3,9634277,182614,rejected,true,true
840,840,7,5887433,465885,approved,true,true
841,841,2,7270442,1659079,rejected,false,false
842,842,5,7924911,2331368,approved,true,true
843,843,5,3002320,3107153,approved,false,true
844,844,3,1139832,9197072,approved,true,false
845,845,5,8654815,3764876,rejected,false,false
846,846,6,1010985,4429945,approved,false,true
847,847,2,4419923,4601525,approved,false,false
848,848,2,4496231,2188247,rejected,true,true
849,849,5,5331185,8180934,rejected,true,true
850,850,7,8487770,9274980,approved,false,false
851,851,9,7971540,3852567,approved,false,true
852,852,8,2567638,9329990,rejected,false,false
853,853,3,3089709,4958115,rejected,false,false
854,854,8,6486151,2718269,rejected,true,false
855,855,8,5704254,1107202,approved,false,false
856,856,9,9753215,8201917,rejected,false,false
857,857,5,3268759,680239,approved,true,true
858,858,1,4294790,3255907,rejected,true,false
859,859,2,1507844,1981227,approved,true,true
860,860,4,9465621,9607784,rejected,false,true
861,861,3,1024226,4388693,rejected,false,true
862,862,3,4650388,3253792,rejected,true,false
863,863,3,2246733,4252421,approved,false,true
864,864,7,1969149,572712,rejected,true,true
865,865,3,6677324,2136215,rejected,false,false
866,866,4,5306662,5553189,approved,false,false
867,867,2,3888075,9801840,rejected,true,false
868,868,2,1060409,5132118,approved,false,true
869,869,6,7238058,8243004,rejected,false,false
870,870,7,529859,8574766,rejected,true,false
871,871,5,1043350,2815969,approved,true,true
872,872,7,1656129,1297445,rejected,false,false
873,873,8,3214026,9722691,approved,true,false
874,874,4,428912,4073998,rejected,true,true
875,875,10,8916157,9979598,rejected,true,true
876,876,10,4180140,7729258,rejected,false,false
877,877,1,6768779,7826668,rejected,true,true
878,878,6,295115,8185558,approved,false,true
879,879,9,7135580,6131904,rejected,false,true
880,880,9,1972057,2571795,approved,false,true
881,881,7,8112191,8200498,approved,true,true
882,882,8,1535670,4663645,approved,false,true
883,883,6,9405055,6360692,rejected,false,true
884,884,4,2973163,8217855,rejected,true,false
885,885,2,314340,1099820,rejected,true,false
886,886,10,8139107,8159082,rejected,false,true
887,887,3,9135092,5292363,rejected,true,true
888,888,1,657476,9440202,rejected,false,false
889,889,1,5702547,6669331,rejected,false,false
890,890,2,1566242,4591945,approved,false,true
891,891,8,5105284,2641167,approved,true,false
892,892,2,2661892,4885094,rejected,false,false
893,893,3,9802334,204569,rejected,false,false
894,894,4,3852456,1612617,rejected,false,true
895,895,7,8447697,7752422,rejected,false,false
896,896,3,2473501,7411225,rejected,true,true
897,897,4,3343278,3674556,approved,false,false
898,898,8,4485651,9211511,rejected,false,false
899,899,9,4159736,5130427,rejected,true,true
900,900,2,7692722,6961431,rejected,true,false
901,901,2,7430096,1155695,rejected,false,true
902,902,5,2747944,4818728,rejected,false,false
903,903,4,4448314,4963188,approved,true,true
904,904,6,4144957,3131617,rejected,false,true
905,905,9,2406404,8636659,rejected,false,false
906,906,4,2187244,5351100,rejected,false,true
907,907,6,7304978,7721951,rejected,true,true
908,908,2,2877577,1707204,rejected,false,true
909,909,5,3019663,9692846,approved,true,true
910,910,1,6724076,6665665,rejected,false,true
911,911,10,1063490,5900449,approved,false,true
912,912,2,1842556,9278609,rejected,false,false
913,913,1,7476030,1635362,rejected,false,true
914,914,10,1288063,8673802,approved,true,true
915,915,9,2254874,6155772,rejected,false,false
916,916,5,4144634,4880160,rejected,false,false
917,917,1,3157597,1075082,approved,true,false
918,918,1,5849587,1806386,approved,false,false
919,919,6,8085631,1849928,approved,false,false
920,920,8,615276,6445301,approved,true,false
921,921,7,6455303,4625418,rejected,false,false
922,922,8,1562717,910739,approved,false,true
923,923,3,2275881,1148824,rejected,false,true
924,924,9,7928643,9263335,rejected,true,true
925,925,5,3865022,6696065,rejected,true,true
926,926,4,4906038,2134278,rejected,false,true
927,927,6,3966883,1773645,approved,false,false
928,928,10,1787748,9369958,approved,false,true
929,929,7,8295842,8974602,rejected,true,true
930,930,7,5220220,619730,approved,false,false
931,931,6,1178764,9498398,approved,false,false
932,932,9,4141777,9535077,rejected,false,false
933,933,9,195606,6518250,rejected,true,true
934,934,5,3182584,5194951,rejected,true,true
935,935,5,1382457,9387703,rejected,true,true
936,936,6,121287,4209962,rejected,false,false
937,937,8,6580088,7874903,approved,true,true
938,938,5,7284523,9027711,approved,false,false
939,939,6,3911677,5963762,approved,true,true
940,940,5,2650161,3683837,approved,false,true
941,941,2,7304789,781426,approved,false,true
942,942,4,6727392,2885125,approved,false,true
943,943,4,2493495,2924225,approved,false,true
944,944,10,6736988,5044799,approved,true,true
945,945,9,8143590,4561443,rejected,false,true
946,946,10,4475883,6127958,approved,false,true
947,947,5,772124,4522725,approved,false,true
948,948,6,2918494,3288003,rejected,true,false
949,949,4,2371452,3991557,rejected,false,false
950,950,5,5520082,803701,approved,true,false
951,951,10,1342161,4980093,approved,true,false
952,952,4,8132467,5226291,approved,true,true
953,953,10,2999448,5631901,approved,false,false
954,954,7,1867982,4520969,approved,false,true
955,955,7,686445,1652776,rejected,true,true
956,956,6,9389989,6986034,approved,true,true
957,957,8,9751478,6697881,rejected,false,false
958,958,8,4016489,9178985,rejected,false,true
959,959,4,8391084,4002649,rejected,false,true
960,960,8,2455650,4015114,rejected,true,false
961,961,1,575220,7160516,approved,true,true
962,962,10,3549323,2831700,approved,false,false
963,963,5,4129209,4071041,rejected,true,true
964,964,5,9886899,2759883,approved,true,false
965,965,5,9161167,7066666,approved,false,true
966,966,1,5587024,3843265,approved,false,true
967,967,7,2640525,8570042,rejected,false,true
968,968,2,8711128,5825293,rejected,true,true
969,969,9,6121737,5536608,approved,false,true
970,970,3,1580559,960113,rejected,false,false
971,971,3,3616947,3089457,approved,true,true
972,972,10,9490028,3545761,approved,true,true
973,973,3,4939938,4224454,approved,false,true
974,974,4,6306231,4960933,rejected,true,false
975,975,8,926061,7118503,rejected,true,false
976,976,6,1152805,9326716,rejected,false,true
977,977,3,1137273,8457840,approved,false,true
978,978,3,9070434,1393460,approved,true,false
979,979,10,8437805,7607559,rejected,true,false
980,980,6,5704821,3157792,rejected,true,false
981,981,8,4591241,3989350,approved,true,true
982,982,3,8255353,3696662,approved,false,true
983,983,8,6892120,5329079,rejected,false,false
984,984,9,2624987,6621520,rejected,false,false
985,985,8,4284868,5678716,approved,true,false
986,986,8,9535301,4820035,approved,true,true
987,987,10,7989211,5218875,approved,false,true
988,988,1,3078929,1855039,approved,false,false
989,989,2,4466810,7090589,rejected,false,true
990,990,3,5266787,9105346,approved,true,false
991,991,6,9904833,3723451,approved,true,true
992,992,9,328636,2443789,approved,false,true
993,993,10,4902855,4123657,rejected,true,false
994,994,6,6261985,3239556,rejected,false,true
995,995,3,1677147,3389529,approved,true,false
996,996,2,4905394,5055990,rejected,true,true
997,997,8,9398412,5579725,approved,false,false
998,998,6,3610377,6744072,approved,false,false
999,999,2,1332736,3258872,approved,false,false
1000,1000,7,3530770,5726425,rejected,false,true
